input,node-to-add-1.json,438fb36b34e64d6bb41fa41ed5c21a11645f77cceefb470d5472139914d63a95
input,update.env,70b6def43145090620c11535673c8cd1cb43fc198bc59e36e924f2fbb17326d6
input,tx-command.txt,9b5ac92af4081a1f4b6f9891cc383b6070655473c21c5d228ed18b507bf4f254
input,change-federated-ops-tx.json,1b2405e5671d9c4e6ea632e9a46ddf7ae32b5cf140ba293b0fb742a8050a2092
input,witness-1.json,ca6c884ffe89ed124881a31a430cc90675e445716d43ca5ca4b2e7ab6d886960
input,witness-2.json,721676f05a2a8c2a2ce45ff8642f8c2fd9bf32cfd8ac9bb761ed2ab48a459e77
input,witness-3.json,0cf73482dfb6f7e86efbdedcd585aa71352b765850be871a01b7648f469bef23
input,witness-4.json,0347742e8a7aa5a49e18e1874b6dc8dcf6b850b371b105c5d3f7cac158f6c001
input,witness-5.json,e4fe235286d2cb8d51cfe8293df95839c8384aae87fd79c50cd6df68086696a0
input,witness-6.json,a75649b9e8871dc88172804e8488fb036079ab1c39853e9df1fd002c93ac4e96
